record_id,title,authors,year,doi,abstract,venue,url,source_db,golden_set
1,Graph neural networks: A review of methods and applications,Jie Zhou; Ganqu Cui; Shengding Hu; Zhengyan Zhang; Cheng Yang; Zhiyuan Liu; Lifeng Wang; Changcheng Li; Maosong Sun,2020,10.1016/j.aiopen.2021.01.001,"Lots of learning tasks require dealing with graph data which contains rich relation information among elements. Modeling physics systems, learning molecular fingerprints, predicting protein interface, and classifying diseases demand a model to learn from graph inputs. In other domains such as learning from non-structural data like texts and images, reasoning on extracted structures (like the dependency trees of sentences and the scene graphs of images) is an important research topic which also needs graph reasoning models. Graph neural networks (GNNs) are neural models that capture the dependence of graphs via message passing between the nodes of graphs. In recent years, variants of GNNs such as graph convolutional network (GCN), graph attention network (GAT), graph recurrent network (GRN) have demonstrated ground-breaking performances on many deep learning tasks. In this survey, we propose a general design pipeline for GNN models and discuss the variants of each component, systematically categorize the applications, and propose four open problems for future research.",AI Open,https://openalex.org/W3152893301,openalex,false
2,Graph neural network for traffic forecasting: A survey,Weiwei Jiang; Jiayun Luo,2022,10.1016/j.eswa.2022.117921,,Expert Systems with Applications,https://openalex.org/W3123909522,openalex,false
3,E(3)-equivariant graph neural networks for data-efficient and accurate interatomic potentials,Simon Batzner; Albert Musaelian; Lixin Sun; Mario Geiger; Jonathan P. Mailoa; Mordechai Kornbluth; Nicola Molinari; Tess Smidt; Boris Kozinsky,2022,10.1038/s41467-022-29939-5,"This work presents Neural Equivariant Interatomic Potentials (NequIP), an E(3)-equivariant neural network approach for learning interatomic potentials from ab-initio calculations for molecular dynamics simulations. While most contemporary symmetry-aware models use invariant convolutions and only act on scalars, NequIP employs E(3)-equivariant convolutions for interactions of geometric tensors, resulting in a more information-rich and faithful representation of atomic environments. The method achieves state-of-the-art accuracy on a challenging and diverse set of molecules and materials while exhibiting remarkable data efficiency. NequIP outperforms existing models with up to three orders of magnitude fewer training data, challenging the widely held belief that deep neural networks require massive training sets. The high data efficiency of the method allows for the construction of accurate potentials using high-order quantum chemical level of theory as reference and enables high-fidelity molecular dynamics simulations over long time scales.",Nature Communications,https://openalex.org/W4225405705,openalex,false
4,GraphDTA: predicting drug–target binding affinity with graph neural networks,Thin Nguyen; Thin Nguyen; Hang Le; Thomas P. Quinn; Tri Nguyen; Tri Nguyen; Thuc Duy Le; Svetha Venkatesh,2020,10.1093/bioinformatics/btaa921,"SUMMARY: The development of new drugs is costly, time consuming and often accompanied with safety issues. Drug repurposing can avoid the expensive and lengthy process of drug development by finding new uses for already approved drugs. In order to repurpose drugs effectively, it is useful to know which proteins are targeted by which drugs. Computational models that estimate the interaction strength of new drug-target pairs have the potential to expedite drug repurposing. Several models have been proposed for this task. However, these models represent the drugs as strings, which is not a natural way to represent molecules. We propose a new model called GraphDTA that represents drugs as graphs and uses graph neural networks to predict drug-target affinity. We show that graph neural networks not only predict drug-target affinity better than non-deep learning models, but also outperform competing deep learning methods. Our results confirm that deep learning models are appropriate for drug-target binding affinity prediction, and that representing drugs as graphs can lead to further improvements. AVAILABILITY OF IMPLEMENTATION: The proposed models are implemented in Python. Related data, pre-trained models and source code are publicly available at https://github.com/thinng/GraphDTA. All scripts and data needed to reproduce the post hoc statistical analysis are available from https://doi.org/10.5281/zenodo.3603523. SUPPLEMENTARY INFORMATION: Supplementary data are available at Bioinformatics online.",Bioinformatics,https://openalex.org/W3096561213,openalex,false
5,Novel Alzheimer’s Disease Stating Based on Comorbidities-Informed Graph Neural Networks,Ferial Abuhantash; Mohd Khalil Abu Hantash; Roy Welsch; Mohamed Lamine Seghier; Leontios Hadjileontiadis; Aamna Al Shehhi,2024,10.1109/embc53108.2024.10781747,"Alzheimer’s Disease (AD), the most prevalent form of dementia, requires early prediction for timely intervention. Leveraging data from the Alzheimer’s Disease Neuroimaging Initiative (ADNI), our study employs Graph Neural Networks (GNNs) for multi-class AD classification. Initial steps involve creating a patient-clinical graph network considering latent relationships among cognitive normal (CN), mild cognitive impairment (MCI), and AD patients, followed by training several GNN-based techniques for building prediction models. Incorporating comorbidity data from electronic health records into the feature set yielded the most effective classification results. Notably, the GNN model with attention mechanisms outperforms state-of-the-art techniques in multi-class AD classification, achieving an accuracy = 0.92 [0.91,0.94], AUC = 0.96 [0.95,0.96], and F1-score = 0.92 [0.91,0.94]. This work highlights comorbidity data’s impact on AD classification and suggests its potential to deepen disease understanding.",2024 46th Annual International Conference of the IEEE Engineering in Medicine and Biology Society (EMBC),https://ieeexplore.ieee.org/document/10781747/,ieee,false
6,Detection of pre-mRNA involved in abnormal splicing using Graph Neural Network and Nearest Correlation Method,Yuna Tahashi; Rikumo Ode; Koichi Fujiwara; Jun-Ichi Takeda; Kinji Ohno,2024,10.1109/embc53108.2024.10782054,"Background: DNA is the building block of genetic information, and is composed of alternating sequences of exons with genetic information and introns without no genetic information. DNA is damaged by normal metabolic activities and environmental factors, causing base substitutions. Changes at the single nucleotide level are called Single Nucleotide Variants (SNVs), which usually result in mRNAs that are non-pathogenic or produce harmless proteins by splicing. However, when pathogenic SNVs are present in DNA, abnormal RNA splicing may cause transcription and translation of the wrong genetic information, resulting in genetic diseases such as cancer. Methods: We proposed a new method for detecting pre-mRNA with SNVs that cause abnormal RNA splicing, which utilizes a Graph Neural Network (GNN) and the Nearest Correlation (NC) method which is a similarity measure based on the correlation among multiple inputs. In the proposed method, multiple features were extracted from target sequences and their similarities are calculated by means of the NC method. A GNN model is trained from a graph constructed based on the similarities among the sequences and used as input of LightGBM in order to classify pre-mRNA with SNVs. Results: The specificity, recall, G-mean, ROC-AUC (area under the ROC curve), and PR-AUC (area under the PR curve) of the proposed method were 0.73±0.080, 0.69±0.13, 0.71±0.073, 0.76±0.062, and 0.42±0.10. Conclusion: The proposed method will contribute to preventing misjudgment of the disease and lead to the selection of the correct treatment in the future.",2024 46th Annual International Conference of the IEEE Engineering in Medicine and Biology Society (EMBC),https://ieeexplore.ieee.org/document/10782054/,ieee,false
7,Leveraging Graph Neural Networks for MIC Prediction in Antimicrobial Resistance Studies,Zonghan Zhang; Ramyasri Veerapaneni; Moses Ayoola; Athish Ram Das; Zhiqian Chen; Bindu Nanduri; Mahalingam Ramkumar,2024,10.1109/embc53108.2024.10782350,"Antimicrobial resistance (AMR) poses a significant challenge in healthcare and public health, with organisms such as nontyphoidal Salmonella leading the way due to their escalating resistance to antimicrobial agents. This situation severely complicates the management and containment of diseases, highlighting the urgent need for more effective techniques to assess antimicrobial susceptibility. Conventional methods, including the broth microdilution technique for determining Minimum Inhibitory Concentrations (MICs), are time-consuming and require extensive manual effort. The advent of machine learning (ML) technologies offers a revolutionary approach to predicting MICs, thereby potentially increasing the efficacy of antimicrobial therapies. This paper explores the latest advancements in ML for MIC prediction, focusing on an innovative approach using Graph Neural Networks (GNNs), which could provide a novel insight into the correlation between gene fragment similarities and MIC values. Within this paper, we introduce the K-mer GNN, a novel GNN model designed for MIC prediction. The K-mer GNN model distinctively identifies and incorporates the similarities among k-mers, integrating these insights into GNN alongside k-mer features. This approach not only elevates the precision of MIC predictions but also sheds light on the genomic factors at the k-mer level that drive antimicrobial resistance.",2024 46th Annual International Conference of the IEEE Engineering in Medicine and Biology Society (EMBC),https://ieeexplore.ieee.org/document/10782350/,ieee,false
8,Decoding Visual Perception from EEG Using Explainable Graph Neural Network,Chin-Wei Huang; Chien-Hui Su; Po-Chih Kuo,2024,10.1109/embc53108.2024.10782730,"Brain decoding is an emerging area in the fields of neuroscience and machine learning. The goal of decoding is to utilize measured brain activity to understand the thoughts or sensations of individuals. In the fields of computer vision and machine learning, Graph Neural Networks (GNNs) have demonstrated considerable success. Furthermore, the integration of attention mechanisms in these networks provides a pathway for improved model explainability. This study employs GNNs in the analysis of electroencephalography (EEG), aiming to explore how our brain handles visual information and uncover functional brain networks. We utilize GNNExplainer, a tool designed for GNN interpretation, to pinpoint critical EEG channels and their interconnections relevant to visual EEG tasks. Our findings, which align with existing neuroscience literature, underscore the significance of specific channels. This implies that GNNs have the capability to provide valuable insights within the field of neuroscience research.",2024 46th Annual International Conference of the IEEE Engineering in Medicine and Biology Society (EMBC),https://ieeexplore.ieee.org/document/10782730/,ieee,false
9,DGE-ASR: Two-view Graph Neural Networks for Knowledge Graph Completion,Xiangxu Kong; Fangru Hu; Yichen Song; Xing Wang,2024,10.1109/icairc64177.2024.10900328,"Knowledge graph completion aims to address knowledge gaps caused by difficulties in collecting real-world facts. This paper proposes a novel dual-view graph neural network model, DGE-ASR, which designs a dual isomorphic graph attention encoder. It separately constructs isomorphic graphs centered on entity nodes and relation nodes, and then aggregates important neighbor information on both graphs using graph attention networks. Although the node types in the two graphs differ, modeling the entity and relation perspectives separately captures the heterogeneity of the knowledge graph to some extent. During the encoding phase, quaternion operations are used to enhance the GNN layers, effectively modeling the complex interactions between entities and relations, as well as between relations and entities. Additionally, skip connections and residual connections are designed to mitigate the issues of oversmoothing and gradient vanishing in graph neural networks. Experimental results on six datasets (FB15K-237, CoDEx, LitWD1K) show that DGE-ASR outperforms existing GNN- based models and tensor decomposition methods.","2024 4th International Conference on Artificial Intelligence, Robotics, and Communication (ICAIRC)",https://ieeexplore.ieee.org/document/10900328/,ieee,false
10,Improving Traffic Density Forecasting in Intelligent Transportation Systems Using Gated Graph Neural Networks,Razib Hayat Khan; Jonayet Miah; S M Yasir Arafat; M M Mahbubul Syeed; Duc M Ca,2023,10.1109/iit59782.2023.10366426,"This study delves into the application of Graph Neural Networks (GNNs) in the realm of traffic forecasting, a crucial facet of intelligent transportation systems. Accurate traffic predictions are vital for functions like trip planning, traffic control, and vehicle routing in such systems. Three prominent GNN architectures—Graph Convolutional Networks (GCNs), GraphSAGE (Graph Sample and Aggregation), and Gated Graph Neural Networks (GGNNs)—are explored within the context of traffic prediction. Each architecture’s methodology is thoroughly examined, including layer configurations, activation functions, and hyperparameters. The primary goal is to minimize prediction errors, with GGNNs emerging as the most effective choice among the three models. The research outlines outcomes for each architecture, elucidating their ability to anticipate using Mean Absolute Error (MAE) and Root Mean Squared Error (RMSE)). Hypothetical results reveal intriguing insights: GCNs display an RMSE of 9.10 and an MAE of 8.00, while GraphSAGE shows improvement with an RMSE of 8.3 and an MAE of 7.5. Gated Graph Neural Networks (GGNNs) exhibit the lowest RMSE at 9.15 and an impressive MAE of 7.1, positioning them as the frontrunner. However, the study acknowledges result variability, emphasizing the influence of factors like dataset characteristics, graph structure, feature engineering, and hyperparameter tuning.",2023 15th International Conference on Innovations in Information Technology (IIT),https://ieeexplore.ieee.org/document/10366426/,ieee,false
11,Enhancing Recommender Systems Performance using Knowledge Graph Embedding with Graph Neural Networks,Mingye Wang; Xiaohui Hu; Yao Du,2024,10.1109/nnice61279.2024.10499064,"Recommender systems are a crucial component in personalized information retrieval, with their performance directly impacting user experience. However, traditional recommender systems often suffer from limitations in handling complex user-item interactions. Recently, knowledge graphs have emerged as valuable resources for enhancing recommendation effectiveness by capturing and utilizing a wide range of information. In this work, we propose a novel Auto-encoder-based structure integrated with Graph Neural Networks (GNN) layers for Knowledge Graph Embedding (KGE) tasks. This model effectively captures and leverages the rich information in knowledge graphs. Further, we combine this advanced GNN-based knowledge graph embedding model and a preference propagation mechanism inspired by RippleNet, to introduce a novel model, GraphRipple, aiming to enhance the recommendation performance. Extensive experiments on multiple datasets demonstrate the effectiveness of GraphRipple in improving recommendation quality.","2024 4th International Conference on Neural Networks, Information and Communication Engineering (NNICE)",https://ieeexplore.ieee.org/document/10499064/,ieee,false
12,NoiseVis: A Visualized Robustness Analysis System for Heterogeneous Graph Neural Networks,Zhiwen He; Lihua Zhou,2026,10.1109/nnice68970.2026.11465566,"Heterogeneous Graph Neural Networks (HGNNs) have garnered significant attention in recent years as an effective approach for heterogeneous graph representation learning. However, existing HGNNs typically assume that training data is independent and identically distributed (i.i.d.), without considering the impact of noise interference and distribution shifts, limiting their robustness in practical applications. In this work, we develop a visualization system called NoiseVis, which integrates multiple heterogeneous graph representation learning models, aimed at exploring the robustness of different models against noise interference. Through this system, users can intuitively assess the performance degradation of different models under various noise conditions and select the most suitable model for real-world applications.","2026 6th International Conference on Neural Networks, Information and Communication Engineering (NNICE)",https://ieeexplore.ieee.org/document/11465566/,ieee,false
13,A Comprehensive Survey on Graph Neural Networks,Zonghan Wu; Shirui Pan; Fengwen Chen; Guodong Long; Chengqi Zhang; Philip S. Yu,2020,10.1109/tnnls.2020.2978386,"Deep learning has revolutionized many machine learning tasks in recent years, ranging from image classification and video processing to speech recognition and natural language understanding. The data in these tasks are typically represented in the Euclidean space. However, there is an increasing number of applications, where data are generated from non-Euclidean domains and are represented as graphs with complex relationships and interdependency between objects. The complexity of graph data has imposed significant challenges on the existing machine learning algorithms. Recently, many studies on extending deep learning approaches for graph data have emerged. In this article, we provide a comprehensive overview of graph neural networks (GNNs) in data mining and machine learning fields. We propose a new taxonomy to divide the state-of-the-art GNNs into four categories, namely, recurrent GNNs, convolutional GNNs, graph autoencoders, and spatial-temporal GNNs. We further discuss the applications of GNNs across various domains and summarize the open-source codes, benchmark data sets, and model evaluation of GNNs. Finally, we propose potential research directions in this rapidly growing field.",IEEE Transactions on Neural Networks and Learning Systems,https://openalex.org/W2907492528,openalex,false
14,Graph Neural Networks for Graph Drawing,Matteo Tiezzi; Gabriele Ciravegna; Marco Gori,2024,10.1109/tnnls.2022.3184967,"Graph drawing techniques have been developed in the last few years with the purpose of producing esthetically pleasing node-link layouts. Recently, the employment of differentiable loss functions has paved the road to the massive usage of gradient descent and related optimization algorithms. In this article, we propose a novel framework for the development of Graph Neural Drawers (GNDs), machines that rely on neural computation for constructing efficient and complex maps. GND is Graph Neural Networks (GNNs) whose learning process can be driven by any provided loss function, such as the ones commonly employed in Graph Drawing. Moreover, we prove that this mechanism can be guided by loss functions computed by means of feedforward neural networks, on the basis of supervision hints that express beauty properties, like the minimization of crossing edges. In this context, we show that GNNs can nicely be enriched by positional features to deal also with unlabeled vertexes. We provide a proof-of-concept by constructing a loss function for the edge crossing and provide quantitative and qualitative comparisons among different GNN models working under the proposed framework.",IEEE Transactions on Neural Networks and Learning Systems,https://ieeexplore.ieee.org/document/9810169/,ieee,false
15,Connecting the Dots: Multivariate Time Series Forecasting with Graph Neural Networks,Zonghan Wu; Shirui Pan; Guodong Long; Jing Jiang; Xiaojun Chang; Chengqi Zhang,2020,10.1145/3394486.3403118,"Modeling multivariate time series has long been a subject that has attracted researchers from a diverse range of fields including economics, finance, and traffic. A basic assumption behind multivariate time series forecasting is that its variables depend on one another but, upon looking closely, it is fair to say that existing methods fail to fully exploit latent spatial dependencies between pairs of variables. In recent years, meanwhile, graph neural networks (GNNs) have shown high capability in handling relational dependencies. GNNs require well-defined graph structures for information propagation which means they cannot be applied directly for multivariate time series where the dependencies are not known in advance. In this paper, we propose a general graph neural network framework designed specifically for multivariate time series data. Our approach automatically extracts the uni-directed relations among variables through a graph learning module, into which external knowledge like variable attributes can be easily integrated. A novel mix-hop propagation layer and a dilated inception layer are further proposed to capture the spatial and temporal dependencies within the time series. The graph learning, graph convolution, and temporal convolution modules are jointly learned in an end-to-end framework. Experimental results show that our proposed model outperforms the state-of-the-art baseline methods on 3 of 4 benchmark datasets and achieves on-par performance with other approaches on two traffic datasets which provide extra structural information.",OpenAlex,https://openalex.org/W3080253043,openalex,false
16,Graph Neural Networks in Recommender Systems: A Survey,Shiwen Wu; Fei Sun; Wentao Zhang; X. H. Xie; Bin Cui,2022,10.1145/3535101,"With the explosive growth of online information, recommender systems play a key role to alleviate such information overload. Due to the important application value of recommender systems, there have always been emerging works in this field. In recommender systems, the main challenge is to learn the effective user/item representations from their interactions and side information (if any). Recently, graph neural network (GNN) techniques have been widely utilized in recommender systems since most of the information in recommender systems essentially has graph structure and GNN has superiority in graph representation learning. This article aims to provide a comprehensive review of recent research efforts on GNN-based recommender systems. Specifically, we provide a taxonomy of GNN-based recommendation models according to the types of information used and recommendation tasks. Moreover, we systematically analyze the challenges of applying GNN on different types of data and discuss how existing works in this field address these challenges. Furthermore, we state new perspectives pertaining to the development of this field. We collect the representative papers along with their open-source implementations in https://github.com/wusw14/GNN-in-RS .",ACM Computing Surveys,https://openalex.org/W3097300053,openalex,false
17,Graph Neural Network-Based Anomaly Detection in Multivariate Time Series,Ailin Deng; Bryan Hooi,2021,10.1609/aaai.v35i5.16523,"Given high-dimensional time series data (e.g., sensor data), how can we detect anomalous events, such as system faults and attacks? More challengingly, how can we do this in a way that captures complex inter-sensor relationships, and detects and explains anomalies which deviate from these relationships? Recently, deep learning approaches have enabled improvements in anomaly detection in high-dimensional datasets; however, existing methods do not explicitly learn the structure of existing relationships between variables, or use them to predict the expected behavior of time series. Our approach combines a structure learning approach with graph neural networks, additionally using attention weights to provide explainability for the detected anomalies. Experiments on two real-world sensor datasets with ground truth anomalies show that our method detects anomalies more accurately than baseline approaches, accurately captures correlations between sensors, and allows users to deduce the root cause of a detected anomaly.",Proceedings of the AAAI Conference on Artificial Intelligence,https://openalex.org/W3169450514,openalex,false
18,Graph Sampling for Scalable and Expressive Graph Neural Networks on Homophilic Graphs,Haolin Li; Haoyu Wang; Luana Ruiz,2025,10.23919/eusipco63237.2025.11226303,"Graph Neural Networks (GNNs) excel in many graph machine learning tasks but face challenges when scaling to large networks. GNN transferability allows training on smaller graphs and applying the model to larger ones, but existing methods often rely on random subsampling, leading to disconnected subgraphs and reduced model expressivity. We propose a novel graph sampling algorithm that leverages feature homophily to preserve graph structure. By minimizing the trace of the data correlation matrix, our method better preserves the graph Laplacian trace-a proxy for the graph connectivity-than random sampling, while achieving lower complexity than spectral methods. Experiments on citation networks show improved performance in preserving Laplacian trace and GNN transferability compared to random sampling.",2025 33rd European Signal Processing Conference (EUSIPCO),https://ieeexplore.ieee.org/document/11226303/,ieee,false
19,Targeted Branching for the Maximum Independent Set Problem Using Graph Neural Networks,"Silva, Gabriel; Rodrigues, Mário; Teixeira, António; Amorim, Marlene",2024,10.4230/lipics.sea.2024.20,"Identifying a maximum independent set is a fundamental NP-hard problem. This problem has several real-world applications and requires finding the largest possible set of vertices not adjacent to each other in an undirected graph. Over the past few years, branch-and-bound and branch-and-reduce algorithms have emerged as some of the most effective methods for solving the problem exactly. Specifically, the branch-and-reduce approach, which combines branch-and-bound principles with reduction rules, has proven particularly successful in tackling previously unmanageable real-world instances. This progress was largely made possible by the development of more effective reduction rules. Nevertheless, other key components that can impact the efficiency of these algorithms have not received the same level of interest. Among these is the branching strategy, which determines which vertex to branch on next. Until recently, the most widely used strategy was to choose the vertex of the highest degree. In this work, we present a graph neural network approach for selecting the next branching vertex. The intricate nature of current branch-and-bound solvers makes supervised and reinforcement learning difficult. Therefore, we use a population-based genetic algorithm to evolve the model’s parameters instead. Our proposed approach results in a speedup on 73% of the benchmark instances with a median speedup of 24%.",DROPS (Schloss Dagstuhl – Leibniz Center for Informatics),https://openalex.org/W4294558607,openalex,false
